tenure_months,monthly_charges,contract_type,total_usage_gb,support_tickets,churn
15,41.43,monthly,31.8,0,0
40,76.59,two_year,28.4,0,0
6,98.5,one_year,33.2,3,0
13,48.52,one_year,20.3,4,0
19,106.32,one_year,12.4,2,1
19,43.81,two_year,11.0,3,1
54,113.43,monthly,36.1,1,0
48,71.27,monthly,40.9,1,0
55,114.41,one_year,34.6,1,1
59,39.15,monthly,15.1,4,1
5,86.93,monthly,50.3,2,0
9,89.46,monthly,19.4,3,1
52,41.33,two_year,17.2,2,0
5,37.68,monthly,21.6,1,1
10,61.15,two_year,35.7,2,0
11,46.52,two_year,0.0,2,1
54,91.86,monthly,11.7,0,1
22,52.15,one_year,55.8,0,0
16,60.8,monthly,17.2,2,1
11,67.08,monthly,12.1,0,1
28,110.68,two_year,13.4,2,0
35,92.91,two_year,4.3,2,1
48,85.55,monthly,30.8,2,0
37,67.15,one_year,24.5,0,0
59,74.52,one_year,36.9,0,0
7,20.0,monthly,0.0,4,1
29,60.39,monthly,40.4,3,0
34,39.01,monthly,20.1,2,0
41,66.81,one_year,54.5,3,0
1,63.26,monthly,1.7,2,0
12,50.01,one_year,33.5,2,1
28,67.62,two_year,16.0,3,0
4,69.54,monthly,14.2,2,1
58,37.31,one_year,26.6,2,0
38,83.14,monthly,28.5,2,0
48,74.65,one_year,0.7,4,0
31,61.39,one_year,20.2,1,0
36,75.23,monthly,67.5,1,0
21,97.14,monthly,21.9,3,1
20,94.14,monthly,49.6,1,0
8,89.17,one_year,8.0,3,1
13,71.95,monthly,29.4,2,0
46,120.0,two_year,61.2,0,0
27,109.26,two_year,37.7,3,1
49,20.0,monthly,15.4,2,0
17,86.63,two_year,7.5,2,1
43,20.0,monthly,35.3,0,0
52,90.96,one_year,24.1,0,0
49,91.46,two_year,25.3,1,0
13,67.89,monthly,5.3,2,1
22,65.58,monthly,47.6,3,0
17,78.04,two_year,8.3,1,1
48,84.74,one_year,27.4,0,0
48,71.48,monthly,29.3,3,0
27,29.56,monthly,45.9,1,0
16,51.28,one_year,18.1,1,0
4,92.39,monthly,3.5,0,0
16,69.72,monthly,31.6,1,0
9,66.75,monthly,24.3,0,1
5,98.93,two_year,8.3,2,1
47,59.27,monthly,19.6,2,0
28,42.32,monthly,31.6,2,0
58,40.4,monthly,39.4,1,0
16,106.62,monthly,43.7,0,0
23,50.83,two_year,46.8,1,1
53,101.24,one_year,41.2,2,0
37,68.52,monthly,18.3,1,0
17,60.35,two_year,29.9,1,0
22,78.06,one_year,25.5,0,0
46,57.88,monthly,16.2,5,1
22,38.12,monthly,1.5,2,1
29,85.57,monthly,24.8,2,0
29,84.64,one_year,39.8,3,1
28,48.87,monthly,17.4,2,0
29,45.17,one_year,40.0,0,0
57,120.0,monthly,22.9,2,0
15,72.7,one_year,33.1,1,0
53,87.19,one_year,28.4,2,0
12,45.21,monthly,46.6,3,0
5,42.49,monthly,23.8,0,1
19,110.8,two_year,71.9,0,0
15,34.2,monthly,35.6,2,1
38,26.85,one_year,11.9,2,0
11,81.23,one_year,26.2,0,1
13,60.74,monthly,10.2,1,1
54,41.18,monthly,27.0,1,0
48,38.32,monthly,20.8,1,0
33,72.84,monthly,53.4,3,0
54,69.98,one_year,47.8,2,0
22,61.49,one_year,38.1,0,0
5,48.7,one_year,24.1,6,1
50,98.66,monthly,33.6,0,0
6,22.2,one_year,27.2,1,0
21,91.85,monthly,63.5,0,0
28,120.0,monthly,38.1,2,0
41,56.67,two_year,35.4,0,0
8,77.82,two_year,18.2,1,1
14,36.07,monthly,18.2,0,0
6,47.57,monthly,14.8,2,1
2,120.0,monthly,30.7,1,1
11,80.8,monthly,49.0,0,0
42,95.26,two_year,7.1,2,0
32,89.08,monthly,14.9,2,1
20,20.0,two_year,18.6,1,0
41,22.44,monthly,51.5,1,0
21,49.6,one_year,46.1,1,0
59,83.32,two_year,37.4,2,0
17,22.13,monthly,26.1,1,0
41,81.51,one_year,15.3,0,0
15,65.31,one_year,51.0,0,0
34,102.76,one_year,16.7,2,1
34,56.64,monthly,32.9,3,0
55,47.42,one_year,37.1,2,0
20,52.11,monthly,26.1,0,0
7,53.33,monthly,53.2,2,1
26,45.57,two_year,38.0,2,0
36,35.35,monthly,1.5,1,0
12,71.87,monthly,40.5,2,0
59,120.0,one_year,7.5,0,0
30,77.08,monthly,8.7,3,0
30,104.35,monthly,31.8,2,1
35,38.36,monthly,49.1,2,0
34,89.79,one_year,35.9,2,1
25,72.47,monthly,28.0,2,0
33,89.28,two_year,28.7,1,0
24,75.53,two_year,28.9,0,0
59,46.98,one_year,27.1,1,0
56,43.53,one_year,0.0,1,0
33,74.97,monthly,45.7,1,0
3,52.7,one_year,0.0,2,1
21,85.39,two_year,24.5,2,0
20,46.52,two_year,50.7,1,0
40,63.8,monthly,39.5,2,0
31,77.17,one_year,19.0,0,0
8,71.37,monthly,53.5,3,1
36,72.19,one_year,50.9,0,0
1,71.04,one_year,17.4,0,1
3,20.0,monthly,28.5,1,0
1,20.0,monthly,29.2,0,0
15,94.68,two_year,26.3,1,1
56,100.21,monthly,28.9,2,0
4,85.03,monthly,31.9,1,0
36,89.14,monthly,51.7,1,0
1,56.76,monthly,31.5,1,0
3,20.0,monthly,56.4,2,0
20,55.93,monthly,22.8,2,0
10,97.91,monthly,26.7,4,1
25,55.49,one_year,60.2,1,0
4,54.74,two_year,1.5,1,1
51,82.39,monthly,20.3,2,0
27,53.53,monthly,21.4,4,1
1,56.39,monthly,35.6,4,0
1,46.71,one_year,37.4,1,0
43,59.17,monthly,11.6,1,0
22,75.86,two_year,34.3,0,0
27,103.75,one_year,8.3,2,0
40,102.27,one_year,4.0,4,0
35,53.49,one_year,35.5,3,1
41,60.43,monthly,54.1,2,0
9,81.29,one_year,39.5,1,1
46,54.2,monthly,20.4,2,0
48,20.0,one_year,20.9,2,0
33,110.9,one_year,31.5,3,0
23,40.43,monthly,1.5,4,1
18,68.8,two_year,25.0,1,1
25,62.46,monthly,18.1,0,0
46,68.69,one_year,32.7,1,0
34,54.52,monthly,36.5,0,0
12,69.06,monthly,7.6,2,1
16,21.31,one_year,35.5,1,0
12,69.04,one_year,16.1,1,1
26,48.02,one_year,7.6,3,0
18,58.05,one_year,34.2,1,0
8,83.44,one_year,33.2,1,0
39,64.83,monthly,27.6,2,0
42,87.33,one_year,37.4,2,0
20,56.98,one_year,41.2,0,0
6,118.83,monthly,40.1,1,0
24,51.22,one_year,35.5,2,0
17,50.24,monthly,15.8,1,1
23,55.63,one_year,6.8,2,0
13,76.62,one_year,1.7,0,1
2,48.96,two_year,40.2,2,0
8,84.75,two_year,26.9,4,1
51,57.57,two_year,44.4,1,0
33,70.84,monthly,33.0,1,0
32,50.78,one_year,20.7,0,0
12,102.37,two_year,22.3,2,1
41,36.48,one_year,36.0,0,0
45,38.05,monthly,27.0,4,1
56,91.22,monthly,30.8,2,0
17,63.98,monthly,48.7,2,1
1,82.24,one_year,12.9,1,1
58,100.32,one_year,32.9,2,0
53,84.85,one_year,34.7,0,0
34,46.15,monthly,29.4,0,0
59,66.7,one_year,36.1,1,0
6,21.24,monthly,0.0,2,1
34,52.84,monthly,38.5,2,1
37,49.36,one_year,29.8,3,1
13,44.09,one_year,33.5,0,0
13,45.08,monthly,53.6,2,0
32,62.59,one_year,27.0,0,0
23,71.86,monthly,30.0,4,1
31,20.0,one_year,24.2,1,0
13,95.06,monthly,4.6,0,0
26,56.92,one_year,9.7,1,0
17,60.06,monthly,15.4,1,0
32,76.32,two_year,28.2,0,0
37,120.0,one_year,28.2,2,0
29,120.0,two_year,33.3,4,1
30,49.91,monthly,38.3,1,1
16,90.58,monthly,41.6,3,0
2,73.11,one_year,25.3,4,1
40,64.73,monthly,42.2,3,0
55,43.69,one_year,22.0,1,0
36,55.91,monthly,26.3,3,1
15,77.89,monthly,12.3,1,0
27,70.82,monthly,52.8,1,1
29,120.0,monthly,37.7,0,1
25,44.88,one_year,46.2,1,0
8,66.17,two_year,22.2,1,1
51,67.32,monthly,36.0,1,0
23,94.56,one_year,19.1,2,0
1,71.01,one_year,17.2,1,0
47,79.75,monthly,34.0,3,0
1,45.85,monthly,21.7,3,1
15,76.42,monthly,43.2,3,1
23,57.68,monthly,17.9,0,0
50,78.21,monthly,1.1,1,0
42,115.74,one_year,35.8,4,0
37,86.51,one_year,36.2,2,0
28,49.29,one_year,16.1,1,1
38,52.11,two_year,53.0,1,0
52,63.86,monthly,39.5,2,0
54,77.5,two_year,53.9,0,0
45,82.08,one_year,34.3,0,0
31,41.77,one_year,10.7,0,0
13,97.44,monthly,36.0,2,1
9,67.46,one_year,28.1,1,0
22,44.87,monthly,31.4,3,0
38,21.35,two_year,36.0,2,0
12,40.02,one_year,29.7,2,1
38,20.0,monthly,25.7,1,0
49,93.39,monthly,17.0,0,0
48,68.37,one_year,48.3,2,1
21,75.0,one_year,48.6,1,1
8,35.66,two_year,31.5,0,0
53,20.0,monthly,30.2,1,0
13,60.57,one_year,28.4,0,0
39,56.51,monthly,28.6,2,1
56,54.83,two_year,0.0,2,0
56,63.37,monthly,23.5,2,0
34,60.02,monthly,48.4,1,1
24,20.0,one_year,34.3,1,0
13,68.15,monthly,46.9,4,1
45,84.56,one_year,24.1,1,1
26,58.76,monthly,2.8,0,1
19,20.0,monthly,38.3,2,0
24,61.59,monthly,48.6,1,1
9,41.91,monthly,38.5,1,1
8,74.02,one_year,0.0,4,1
23,120.0,one_year,25.4,1,1
35,25.16,one_year,40.2,3,0
22,20.0,monthly,9.9,0,0
4,84.05,monthly,24.0,1,1
19,20.0,monthly,17.4,1,0
4,87.17,one_year,51.0,1,1
6,64.23,monthly,11.1,1,1
16,47.8,monthly,35.9,1,0
35,21.54,monthly,0.0,1,0
22,53.87,one_year,24.5,1,0
5,54.8,monthly,50.3,0,1
34,73.42,monthly,7.6,2,1
55,102.21,monthly,46.8,1,0
54,42.67,monthly,43.5,1,0
53,85.37,monthly,37.0,3,1
14,87.47,one_year,48.6,3,1
49,50.24,monthly,31.2,1,0
9,48.28,two_year,36.2,2,0
19,81.41,monthly,12.8,1,0
8,20.0,one_year,20.0,1,1
47,72.18,two_year,36.8,0,0
5,28.15,monthly,6.3,1,1
32,51.43,monthly,36.1,1,1
10,64.8,monthly,50.3,0,0
55,47.89,monthly,19.6,1,0
13,51.73,two_year,18.1,5,1
28,56.76,one_year,36.1,0,0
56,96.67,one_year,40.1,1,0
32,20.0,one_year,10.8,0,0
52,105.96,monthly,25.6,1,1
57,86.45,two_year,36.2,4,0
9,20.0,one_year,30.0,1,0
39,77.73,one_year,36.9,2,0
47,52.58,two_year,33.1,2,0
51,39.17,two_year,35.0,1,0
1,66.22,one_year,26.8,1,0
55,77.53,two_year,50.2,2,0
40,74.76,monthly,26.3,0,0
16,23.18,monthly,34.9,2,0
19,44.4,monthly,24.4,0,0
17,46.63,monthly,30.2,4,1
22,74.97,monthly,14.2,2,0
58,83.99,monthly,30.6,3,0
14,57.86,monthly,46.2,0,1
13,86.24,monthly,25.6,1,0
34,67.89,two_year,21.7,2,1
42,75.82,monthly,14.7,2,0
55,44.92,two_year,11.2,0,0
47,106.03,monthly,18.6,1,0
49,90.39,monthly,20.2,1,0
19,77.25,monthly,33.9,2,1
49,24.74,two_year,31.2,1,0
40,77.8,one_year,7.6,5,0
31,84.37,two_year,48.0,1,0
44,79.54,monthly,18.8,4,0
58,38.85,monthly,35.9,3,0
47,47.97,two_year,5.4,2,0
50,118.54,two_year,8.1,2,0
51,35.27,monthly,43.3,4,0
37,38.35,monthly,36.0,2,1
15,72.84,monthly,30.3,0,0
53,101.45,one_year,46.0,1,0
46,62.32,monthly,40.2,3,0
6,73.35,monthly,16.1,2,1
2,81.36,two_year,10.8,2,1
13,20.0,monthly,40.2,2,0
29,45.64,two_year,7.9,1,0
54,50.18,monthly,44.5,4,0
46,55.9,monthly,32.6,1,0
11,42.89,one_year,24.4,0,1
38,59.4,one_year,35.2,2,0
5,113.43,one_year,29.2,2,1
3,70.42,two_year,28.4,3,0
24,97.33,one_year,51.8,2,0
29,66.84,monthly,36.2,1,1
43,69.4,monthly,35.3,1,1
6,64.5,one_year,15.9,2,0
36,92.36,one_year,42.1,0,0
38,53.36,monthly,39.4,4,0
32,61.08,monthly,21.2,0,0
1,23.39,monthly,22.2,2,1
44,81.98,monthly,45.7,1,0
7,41.65,two_year,28.5,1,0
50,80.79,monthly,1.9,2,0
41,78.89,monthly,49.7,2,0
2,68.78,monthly,21.8,3,1
28,63.45,one_year,37.9,1,1
53,46.4,monthly,43.2,3,0
3,51.92,one_year,38.7,3,0
36,51.67,monthly,26.0,2,1
4,81.75,monthly,19.3,2,1
52,74.31,two_year,48.8,1,0
12,58.97,one_year,9.1,1,0
29,86.97,monthly,39.4,1,0
36,90.94,one_year,37.7,0,0
20,20.0,monthly,31.2,3,1
18,43.2,two_year,18.6,1,1
8,98.53,monthly,45.8,2,1
55,80.76,monthly,36.3,2,0
44,55.3,two_year,26.0,2,0
19,82.37,monthly,34.5,1,1
8,88.76,one_year,13.7,2,1
29,87.01,two_year,8.6,2,1
50,42.49,monthly,30.4,0,0
50,51.0,one_year,27.8,0,0
11,80.27,monthly,39.9,4,1
41,69.62,monthly,37.9,2,1
5,74.1,monthly,15.4,0,1
27,20.0,two_year,37.1,1,0
40,88.29,monthly,30.8,0,0
6,64.03,monthly,20.7,2,1
31,46.75,monthly,37.7,0,0
13,54.21,two_year,33.4,1,0
11,46.09,two_year,29.7,0,1
47,98.23,two_year,17.4,3,0
3,45.56,monthly,24.5,4,1
46,75.72,monthly,54.2,1,0
17,48.79,one_year,25.0,3,0
44,42.47,one_year,16.9,1,0
52,58.81,two_year,24.5,1,0
58,86.08,one_year,28.2,4,1
23,41.49,one_year,53.3,3,0
57,20.0,monthly,12.3,1,0
46,74.42,one_year,21.1,1,1
53,35.62,monthly,49.4,1,0
59,67.42,one_year,37.8,1,0
56,99.01,one_year,22.1,3,0
48,79.8,monthly,8.3,0,0
22,78.13,monthly,18.1,1,0
59,20.0,monthly,50.0,3,0
53,58.65,monthly,51.7,0,0
29,78.28,monthly,24.8,0,0
6,65.19,monthly,41.3,2,0
57,67.95,two_year,31.6,1,0
40,44.13,two_year,42.1,1,0
12,95.97,monthly,23.1,2,0
12,41.46,one_year,37.6,2,1
12,55.6,two_year,26.0,0,0
26,35.89,one_year,32.6,5,0
41,75.08,monthly,26.7,1,0
14,77.83,monthly,44.8,1,0
58,57.77,one_year,57.2,2,0
2,51.07,monthly,12.2,2,1
38,60.83,one_year,38.7,2,0
40,120.0,one_year,33.2,2,1
34,20.0,monthly,18.9,0,0
45,56.73,monthly,49.6,0,0
52,83.44,two_year,9.3,0,0
28,69.58,one_year,7.8,0,0
17,56.05,monthly,39.8,1,1
24,68.02,monthly,17.7,3,1
52,52.47,monthly,24.1,2,0
45,39.92,monthly,42.0,1,0
4,52.1,two_year,27.5,0,0
53,97.57,two_year,8.3,2,1
13,85.87,monthly,20.5,2,1
19,52.92,monthly,28.9,3,0
48,65.26,monthly,1.4,4,1
37,68.11,two_year,13.8,5,0
34,84.0,monthly,45.8,2,1
7,39.83,monthly,29.2,2,0
50,94.3,monthly,50.1,1,1
27,48.58,one_year,32.4,1,0
23,79.64,monthly,36.9,0,1
39,74.53,monthly,0.5,3,0
3,35.97,monthly,36.3,1,1
26,78.74,one_year,19.0,2,0
35,94.4,monthly,17.1,0,0
37,119.94,one_year,47.4,1,0
39,79.68,monthly,49.1,2,0
26,56.69,monthly,33.4,2,1
8,60.82,two_year,31.4,2,1
12,96.73,one_year,44.7,2,1
37,112.62,monthly,18.7,2,1
7,76.73,monthly,63.1,1,1
45,67.82,monthly,14.7,0,1
38,82.14,two_year,28.6,1,0
57,79.82,monthly,14.5,1,0
3,63.55,monthly,28.1,1,1
40,48.01,one_year,62.2,1,0
11,48.56,one_year,39.4,3,1
34,38.11,monthly,38.7,4,0
51,86.0,two_year,55.6,1,0
39,70.07,two_year,12.2,0,1
49,84.37,monthly,32.3,1,0
24,24.53,monthly,18.8,3,0
28,60.2,monthly,0.0,2,1
32,64.94,one_year,44.5,0,0
20,72.68,monthly,63.0,2,0
27,46.48,one_year,37.8,1,0
16,94.38,monthly,10.9,1,0
33,45.57,one_year,51.6,1,0
51,20.0,two_year,16.8,1,0
38,35.67,two_year,42.1,2,0
28,54.76,two_year,40.0,1,0
39,78.89,monthly,29.4,1,0
10,20.0,monthly,45.9,2,0
50,62.07,two_year,30.3,1,0
24,89.84,monthly,37.6,2,1
10,89.48,two_year,62.9,3,1
20,60.22,monthly,14.9,1,1
14,94.8,monthly,24.4,2,0
25,62.22,monthly,20.3,0,1
20,74.0,monthly,28.5,0,0
25,59.09,two_year,23.7,1,0
56,64.46,monthly,51.9,0,0
47,117.2,one_year,15.5,1,1
39,81.23,monthly,41.6,2,0
52,87.21,two_year,40.8,0,0
8,59.27,one_year,38.9,1,0
44,40.36,one_year,17.1,2,0
19,55.87,monthly,42.3,0,0
45,72.55,monthly,28.0,1,0
42,47.21,one_year,48.3,0,0
53,88.28,monthly,39.5,1,0
12,20.0,two_year,41.6,1,0
11,113.82,monthly,24.7,3,1
45,61.56,monthly,33.1,3,0
58,116.36,one_year,46.8,0,0
56,114.14,monthly,30.2,1,1
51,110.26,one_year,14.4,1,0
55,64.46,one_year,78.5,1,0
3,79.98,one_year,16.0,2,1
29,37.76,one_year,29.3,3,0
15,70.05,one_year,13.1,3,0
21,64.16,monthly,2.0,5,0
41,20.0,monthly,17.6,0,0
11,43.27,one_year,39.5,1,1
47,98.15,monthly,52.7,2,1
9,34.41,monthly,59.1,2,0
15,88.9,two_year,38.7,2,0
4,65.13,two_year,55.9,1,1
24,60.47,monthly,9.1,1,1
49,27.8,monthly,18.3,1,0
6,75.44,one_year,57.8,2,1
21,81.45,monthly,43.4,4,0
51,120.0,one_year,24.9,3,1
15,59.16,one_year,23.1,2,0
19,49.87,monthly,38.3,1,0
52,80.34,one_year,41.0,0,0
55,67.89,monthly,53.0,0,0
9,51.05,two_year,30.8,0,0
4,86.09,monthly,37.5,0,0
9,70.3,monthly,30.6,4,1
57,71.37,one_year,44.1,1,0
16,96.02,one_year,43.1,1,0
2,44.95,one_year,22.6,1,0
50,89.17,two_year,44.5,3,0
14,47.56,monthly,1.3,1,1
8,75.81,one_year,32.7,2,1
39,63.42,one_year,22.9,2,0
12,61.12,monthly,7.2,1,0
49,20.0,two_year,15.7,3,0
55,59.05,two_year,14.5,0,0
19,37.83,monthly,24.8,0,0
52,61.15,two_year,33.3,1,0
45,58.7,monthly,20.7,3,0
41,77.28,monthly,35.7,2,0
30,20.0,two_year,47.5,0,0
9,58.82,monthly,18.7,1,1
31,85.26,one_year,13.2,0,1
43,40.59,monthly,62.1,1,0
20,69.15,two_year,32.0,1,0
59,109.3,one_year,23.2,2,1
24,69.07,two_year,21.7,0,0
41,78.49,monthly,35.0,2,0
27,55.08,two_year,54.0,1,0
32,28.24,monthly,45.1,0,0
19,45.54,monthly,36.7,2,0
43,78.95,monthly,28.6,0,0
43,117.71,two_year,18.6,2,0
54,32.78,monthly,15.7,1,0
36,40.94,two_year,38.7,1,0
25,58.19,monthly,26.4,4,0
25,30.91,one_year,36.6,1,0
42,62.58,one_year,45.1,0,0
29,74.49,one_year,50.2,0,0
37,68.24,one_year,24.6,1,0
12,53.65,monthly,9.7,2,1
36,20.0,one_year,53.3,1,0
30,83.8,monthly,13.7,0,0
28,45.84,monthly,30.8,2,0
54,65.22,monthly,27.5,2,0
23,50.78,two_year,45.1,2,0
34,39.87,two_year,44.0,0,0
1,48.19,monthly,43.0,3,1
46,49.21,two_year,26.3,3,0
49,20.0,one_year,29.8,0,0
56,28.55,monthly,40.9,2,0
31,69.66,monthly,22.5,1,0
35,82.63,monthly,36.2,0,0
38,60.13,one_year,33.1,1,0
22,34.84,two_year,40.6,2,0
17,57.51,monthly,17.5,3,1
13,87.19,one_year,18.3,0,0
32,47.48,two_year,37.1,0,0
45,90.78,one_year,14.1,0,0
3,53.97,monthly,26.1,0,0
5,63.27,one_year,19.1,2,0
29,40.27,monthly,20.0,3,1
9,73.39,one_year,18.0,2,0
31,96.74,one_year,35.8,1,0
34,51.34,monthly,29.9,4,0
18,71.5,monthly,42.9,2,1
33,43.03,one_year,31.6,1,0
17,71.8,one_year,33.0,0,1
38,74.75,monthly,57.4,0,0
37,85.73,monthly,51.0,4,1
9,55.15,monthly,26.3,1,1
6,20.0,monthly,31.0,2,0
24,67.43,monthly,46.0,1,0
8,61.16,one_year,3.8,3,1
22,42.94,two_year,27.3,3,0
12,84.91,one_year,24.7,1,0
50,56.08,one_year,12.2,2,0
21,69.35,monthly,28.3,0,0
12,65.26,one_year,4.7,3,1
58,76.93,two_year,66.0,1,1
56,81.33,two_year,28.8,3,0
51,48.65,one_year,30.1,0,0
18,73.52,monthly,8.5,3,1
26,87.87,monthly,32.6,0,0
41,84.81,two_year,59.0,0,0
41,84.04,monthly,26.5,2,1
10,20.0,monthly,43.5,0,0
25,48.78,one_year,45.7,1,0
18,61.52,one_year,0.0,1,0
46,58.4,monthly,23.8,1,0
17,47.87,monthly,25.6,2,1
42,65.32,one_year,19.3,2,0
1,120.0,two_year,8.9,3,1
1,53.2,monthly,18.7,1,0
34,56.81,monthly,4.7,1,0
36,86.23,monthly,34.4,2,0
41,25.29,one_year,37.5,0,0
16,41.61,two_year,42.6,4,0
10,35.65,monthly,25.4,2,0
55,65.67,monthly,17.4,1,0
11,40.77,two_year,48.3,4,1
37,55.23,monthly,27.3,2,0
33,31.86,monthly,34.7,0,0
54,68.67,monthly,45.5,3,0
28,101.38,two_year,16.6,0,0
49,60.34,one_year,32.0,0,0
59,51.69,one_year,45.4,1,0
25,62.75,two_year,32.3,1,0
1,59.3,monthly,27.4,1,1
53,86.66,monthly,46.6,1,0
33,103.61,monthly,17.7,2,0
59,37.49,one_year,16.6,0,0
3,71.73,two_year,34.2,0,0
14,117.04,one_year,16.1,0,0
55,80.81,one_year,28.7,1,0
26,33.04,one_year,21.0,3,0
27,96.93,monthly,24.6,1,1
5,46.68,one_year,40.4,2,1
54,47.02,monthly,36.6,1,0
30,55.75,one_year,24.7,1,0
35,41.9,two_year,26.6,2,0
27,66.93,monthly,29.7,0,0
39,70.62,one_year,30.4,2,0
29,79.19,one_year,26.1,2,0
1,72.56,monthly,25.1,2,0
9,70.51,monthly,54.2,0,1
15,71.4,monthly,28.6,4,1
31,85.36,monthly,31.6,0,0
19,72.71,one_year,8.3,1,1
23,32.2,monthly,19.8,3,1
17,32.48,one_year,56.2,1,0
26,46.0,monthly,57.4,2,0
44,59.02,two_year,26.8,1,0
46,68.66,one_year,7.9,1,0
40,20.0,one_year,43.4,0,0
30,61.6,one_year,17.5,1,1
3,75.54,monthly,48.7,1,1
2,84.12,one_year,27.7,3,1
44,56.16,monthly,22.6,3,0
24,54.02,one_year,26.9,4,1
53,75.04,monthly,44.5,1,0
53,90.51,monthly,25.3,3,0
38,84.57,one_year,14.5,2,0
18,63.8,two_year,10.6,2,0
28,72.5,monthly,27.8,3,0
10,74.93,monthly,25.5,1,1
32,48.79,monthly,30.9,4,1
1,32.16,one_year,24.5,1,0
7,36.94,monthly,30.0,1,1
34,73.55,monthly,24.3,0,1
37,81.28,one_year,46.9,3,0
13,30.38,one_year,25.7,0,0
52,90.44,monthly,37.7,1,0
20,72.03,monthly,32.9,1,0
18,60.69,monthly,18.4,1,0
47,51.23,two_year,9.1,1,0
40,62.78,one_year,39.1,1,0
53,41.09,monthly,29.4,3,0
45,100.26,two_year,51.1,3,0
14,26.11,monthly,24.1,1,0
28,63.07,one_year,39.8,2,0
12,42.21,monthly,15.9,4,1
20,81.7,monthly,24.6,0,0
18,20.0,monthly,19.5,2,0
54,43.19,monthly,26.4,0,0
57,48.4,one_year,30.4,1,0
48,97.17,monthly,21.9,0,0
1,82.61,one_year,29.9,1,1
27,79.15,monthly,39.4,3,0
44,41.86,two_year,12.1,0,0
47,98.98,monthly,29.2,1,1
56,48.14,one_year,20.6,0,0
48,69.96,monthly,20.7,0,0
21,77.65,one_year,38.9,0,0
41,58.95,monthly,31.0,1,1
11,54.26,one_year,42.0,1,0
16,65.26,one_year,26.5,4,0
51,20.0,monthly,30.3,2,0
41,91.17,monthly,20.8,0,0
10,53.49,monthly,34.5,2,1
47,49.25,monthly,29.0,5,0
43,111.01,monthly,24.8,2,1
1,75.64,monthly,42.8,3,1
57,80.48,monthly,7.6,2,0
13,86.39,monthly,15.1,1,0
22,99.9,one_year,12.9,1,1
47,34.64,monthly,30.1,2,0
6,120.0,monthly,28.3,1,1
13,76.74,two_year,32.9,1,1
31,33.67,monthly,28.3,1,0
2,68.85,monthly,30.4,3,1
44,102.48,monthly,49.2,1,0
32,45.78,monthly,27.8,1,0
30,67.07,monthly,28.2,0,1
46,48.65,monthly,20.2,3,1
22,20.0,two_year,58.4,1,0
24,47.0,monthly,15.4,2,0
25,41.65,one_year,30.7,0,0
36,43.97,monthly,20.6,0,0
42,93.16,monthly,7.6,2,1
9,59.91,two_year,21.3,0,0
15,87.53,monthly,13.0,0,1
33,82.25,two_year,18.0,1,0
31,47.82,two_year,32.2,0,0
9,50.11,monthly,40.6,2,0
8,42.58,one_year,33.1,1,0
24,93.61,one_year,44.7,2,0
44,24.85,two_year,36.9,2,0
3,30.69,monthly,9.5,0,1
41,72.77,monthly,38.2,0,0
4,53.51,monthly,30.5,0,0
11,104.91,two_year,42.3,0,1
34,39.87,one_year,34.0,2,0
14,62.62,monthly,23.5,3,1
6,65.63,one_year,17.7,0,0
19,34.52,two_year,28.5,3,0
33,61.21,two_year,38.5,0,1
20,68.56,monthly,31.0,1,0
32,59.45,two_year,36.5,1,0
19,51.43,monthly,35.7,2,1
21,110.84,monthly,13.5,5,1
46,59.84,monthly,21.2,1,1
4,46.07,one_year,3.6,1,0
3,69.65,one_year,24.5,1,1
18,85.1,monthly,14.6,2,0
12,39.77,one_year,34.9,1,0
56,35.69,two_year,42.4,1,1
39,83.36,two_year,21.3,1,0
52,61.02,one_year,25.3,0,0
11,102.22,monthly,37.1,0,0
7,106.32,two_year,19.2,2,1
51,54.1,one_year,39.8,1,0
19,52.79,one_year,0.0,0,1
47,62.75,one_year,20.9,1,0
3,67.67,monthly,31.5,0,0
48,82.85,two_year,4.1,3,0
34,64.56,one_year,48.2,2,0
38,81.64,one_year,22.1,0,0
3,72.49,monthly,28.1,0,0
3,20.0,one_year,28.0,3,1
5,34.71,monthly,28.9,2,0
57,103.03,two_year,24.5,3,0
16,74.0,one_year,12.0,2,1
8,40.67,monthly,35.4,2,1
38,119.4,monthly,33.6,1,1
3,98.61,monthly,27.1,2,1
1,29.42,two_year,19.9,1,0
31,61.79,monthly,20.0,1,0
2,72.77,monthly,20.5,1,1
55,56.78,monthly,28.3,4,1
35,42.0,one_year,30.4,1,0
20,82.95,one_year,42.9,0,0
32,59.25,two_year,54.0,1,0
46,59.34,one_year,68.7,3,0
17,108.3,monthly,7.7,2,1
29,64.15,one_year,36.0,0,0
1,38.39,monthly,49.9,1,1
6,62.8,two_year,26.6,1,0
14,80.88,monthly,40.7,4,0
38,97.75,one_year,12.8,1,0
57,75.41,one_year,36.6,2,0
57,25.42,monthly,27.3,4,0
5,38.53,one_year,55.7,1,0
41,51.22,monthly,16.7,1,0
16,46.03,monthly,53.4,2,1
40,78.99,one_year,36.6,0,0
19,43.21,one_year,18.4,0,1
36,90.46,monthly,17.4,2,1
23,95.73,monthly,34.7,2,1
6,64.49,monthly,58.4,3,0
32,27.82,monthly,56.3,2,0
25,83.51,monthly,6.7,2,0
33,75.61,one_year,32.0,0,0
13,57.41,monthly,45.2,1,0
30,54.57,two_year,31.8,1,0
35,57.44,one_year,26.4,3,0
46,47.25,monthly,21.3,2,0
31,54.04,monthly,51.0,2,0
46,83.52,monthly,29.8,2,0
4,51.67,monthly,50.8,3,0
25,97.68,one_year,34.5,3,0
27,34.06,one_year,41.4,2,0
24,99.73,one_year,28.4,1,0
44,82.47,one_year,31.6,1,0
18,70.43,two_year,39.8,1,0
21,51.68,monthly,54.1,2,1
35,35.78,two_year,32.6,3,0
38,93.88,one_year,38.0,2,0
58,58.61,one_year,32.7,1,0
21,37.61,monthly,35.5,2,0
51,74.15,one_year,56.4,0,0
5,34.76,monthly,30.4,1,1
54,73.38,monthly,26.1,2,0
8,70.21,one_year,21.1,0,0
58,112.83,one_year,18.7,0,0
2,20.0,monthly,30.5,1,0
34,79.86,monthly,6.7,3,0
3,55.83,one_year,38.0,4,1
43,67.73,one_year,58.1,1,0
41,69.1,monthly,35.6,2,0
